
-- VENDORS TABLE
CREATE TABLE VENDORS
(
VID              INT CONSTRAINT Vendors_PK PRIMARY KEY,
VNAME            VARCHAR2(20),
VADD             VARCHAR2(200),
VCONTACT         NUMBER,
VCREDITDAYS      NUMBER,
VJ_DATE          DATE
);


SELECT * FROM VENDORS


INSERT INTO VENDORS VALUES(2001,'KIRAN PATIL','PUNE',20535535,20,'20-JAN-2010');
INSERT INTO VENDORS VALUES(2002,'PRAKSH JAIN','MUMBAI',0263564,10,'05-NOV-2011');
INSERT INTO VENDORS VALUES(2003,'SWAPNIL THETE','NASHI',41241234,15,'18-MAR-2010');
INSERT INTO VENDORS VALUES(2004,'AMOL SHENDE','SATARA',34232344,18,'07-APR-2015');
INSERT INTO VENDORS VALUES(2005,'KARAN SINTRE','BULDHANA',342352523,30,'22-APR-2009');
INSERT INTO VENDORS VALUES(2006,'RAM KULKARNI','OSMANABAD',45325323,21,'09-JUL-2010');


--EMPLOYEE TABLE

CREATE TABLE EMPLOYEE
(
EID        NUMBER PRIMARY KEY,
ENAME      VARCHAR2(20),
EJOB       VARCHAR(20),
EADD       VARCHAR2(200),
ECONTACT   NUMBER,
ESAL       NUMBER,
EDOJ       DATE,
EDOL       DATE
);

SELECT * FROM EMPLOYEE

INSERT INTO EMPLOYEE VALUES(3001,'STEVEN KING','PAINTER','NEW YORK',10232323,1200,'09-JUL-2010',NULL);
INSERT INTO EMPLOYEE VALUES(3002,'DAVID AUSTIN','FITTER','MAN HATON',103454554,1100,'19-AUG-2010',NULL);
INSERT INTO EMPLOYEE VALUES(3003,'BRUCE ERNST','MECHANIC','NEW JERCY',10232345,2200,'08-SEP-2010',NULL);
INSERT INTO EMPLOYEE VALUES(3004,'LUIS POPP','MECHANIC','NEW JERCY',10452323,1700,'19-OCT-2009','06-SEP-2010');
INSERT INTO EMPLOYEE VALUES(3005,'SHERI GOMES','FITTER','PARIS',10232343,1000,'19-OCT-2009','01-AUG-10');
INSERT INTO EMPLOYEE VALUES(3000,'JAMES PHILLIP','FITTER','PARIS',10237823,NULL,'01-JAN-2008',NULL);



--SPAREPART TABLE


CREATE TABLE SPAREPART
(
SPID        NUMBER PRIMARY KEY,
SPNAME      VARCHAR2(100),
SPRATE      NUMBER,
SPUNIT      VARCHAR2(20)
);

SELECT * FROM SPAREPART


INSERT INTO SPAREPART VALUES(4001,'TWO WHEELER TUBE',250,'NOS');
INSERT INTO SPAREPART VALUES(4002,'TWO WHEELER ENGINE OIL',400,'LTRS');
INSERT INTO SPAREPART VALUES(4003,'TWO WHEELER ENGINE OIL',5000,'LTRS');
INSERT INTO SPAREPART VALUES(4004,'TWO WHEELER CARBORATOR',680,'NOS');
INSERT INTO SPAREPART VALUES(4005,'TWO WHEELER CLUTCH WIRE',129,'MTRS');
INSERT INTO SPAREPART VALUES(4006,'TWO WHEELER TAIL LIGHT',100,'NOS');
INSERT INTO SPAREPART VALUES(4007,'TWO WHEELER INDICATORS',150,'NOS');
INSERT INTO SPAREPART VALUES(4008,'FOUR WHEELER GASKIT',1340,'NOS');
INSERT INTO SPAREPART VALUES(4009,'WHITE COLOUR',340,'LTRS');
INSERT INTO SPAREPART VALUES(4010,'BLACK COLOUR',240,'LTRS');
INSERT INTO SPAREPART VALUES(4011,'TWO WHEELER SIDE MIRROR',250,'NOS');
INSERT INTO SPAREPART VALUES(4012,'FOUR WHEELER SIDE MIRROR',450,'NOS');
INSERT INTO SPAREPART VALUES(4013,'TWO WHEELER SHOCKUP',1320,'PAIR');
INSERT INTO SPAREPART VALUES(4014,'FOUR WHEELER BUMPER',6000,'NOS');
INSERT INTO SPAREPART VALUES(4015,'FOUR WHEELER FRONT GLASS',7000,'PCS');


--PURCHASE TABLE

CREATE TABLE PURCHASE
(
PID          NUMBER PRIMARY KEY,
VID          NUMBER REFERENCES VENDORS(VID),
SPID         NUMBER REFERENCES SPAREPART(SPID),
PQTY         NUMBER,
SPRATE       NUMBER,
SPGST        DECIMAL(8,2),
PDATE        DATE,
TRANCOST     NUMBER,
TOTAL        DECIMAL(8,2),
EID          NUMBER REFERENCES EMPLOYEE(EID)
);

SELECT * FROM PURCHASE;


INSERT INTO PURCHASE VALUES(5001,2001,4001,10,250,350,'01-JAN-2011',1300,4150,3001);
INSERT INTO PURCHASE VALUES(5002,2003,4004,4,400,288,'02-MAR-2011',100,1988,3001);
INSERT INTO PURCHASE VALUES(5003,2003,4004,8,680,761.6,'12-JUN-2011',50,6251.6,3003);
INSERT INTO PURCHASE VALUES(5004,2004,4005,10,129,154.8,'22-AUG-2011',125,1569.8,3003);
INSERT INTO PURCHASE VALUES(5005,2005,4006,20,100,300,'07-SEP-2011',20,2320,3003);
INSERT INTO PURCHASE VALUES(5006,2006,4007,30,150,630,'12-OCT-2011',60,5190,3000);
INSERT INTO PURCHASE VALUES(5007,2001,4003,20,5000,14000,'07-SEP-2011',1000,115000,3000);
INSERT INTO PURCHASE VALUES(5008,2006,4005,1,129,15.48,'12-OCT-2011',50,194.48,3005);
INSERT INTO PURCHASE VALUES(5009,2006,4005,1,129,15.48,'15-OCT-2011',50,194.48,3005);
INSERT INTO PURCHASE VALUES(5010,2006,4009,5,340,238,'20-OCT-2011',0,2938,3005);


--SER_DET TABLE

CREATE TABLE SER_DET
(
SID           NUMBER PRIMARY KEY,
CID           NUMBER REFERENCES CUSTOMER_TABLE(CID),
EID           NUMBER REFERENCES EMPLOYEE(EID),
SPID          NUMBER REFERENCES SPAREPART(SPID),
TYP_VEH       VARCHAR2(50),
VEH_NO        VARCHAR2(50),
TYP_SER       VARCHAR2(50),
SER_DATE      DATE,
QTY           DECIMAL(4,2),
SP_RATE       NUMBER,
SP_AMT        NUMBER,
SP_G          NUMBER,
SER_AMT       NUMBER,
COMM          NUMBER,
TOTAL         NUMBER

);


SELECT * FROM SER_DET;


INSERT INTO SER_DET VALUES(6001,1001,3001,4001,'TWO WHEELER','MH15CA3228','TUBE DAMAGED','02-JAN-11',1,250,250,35,50,0,335);
INSERT INTO SER_DET VALUES(6002,1002,3002,4002,'TWO WHEELER','MH16U57134','FULL SERVICING','04-MAR-11',1,400,400,52,300,50,752);
INSERT INTO SER_DET VALUES(6003,1003,3004,4005,'TWO WHEELER','MH12PQ1313','CLUTCH WIRE','22-AUG-11',1,129,129,0,10,0,139);
INSERT INTO SER_DET VALUES(6004,1002,3002,4002,'TWO WHEELER','MH16U5713','FILL SERVIVING','05-MAY-11',1,400,400,52,300,50,752);
INSERT INTO SER_DET VALUES(6005,1004,3001,4009,'TWO WHEELER','MH14PA335','COLOR','21-OCT-11',2.5,340,850,119,500,150,1469);
INSERT INTO SER_DET VALUES(6006,1006,3001,4009,'TWO WHEELER','MH12WE334','COLOR','01-DEC-11',2.5,340,850,119,500,150,1469);
INSERT INTO SER_DET VALUES(6007,1007,3001,4001,'TWO WHEELER','MH17BB1345','TUBE DAMAGED','01-JAN-12',1,250,250,35,150,0,435);


